epoch,time,train/box_loss,train/cls_loss,train/dfl_loss,metrics/precision(B),metrics/recall(B),metrics/mAP50(B),metrics/mAP75(B),metrics/mAP50-95(B),val/box_loss,val/cls_loss,val/dfl_loss,lr/pg0,lr/pg1,lr/pg2
1,18.9886,5.15567,4.99198,4.63241,0,0,0,0,0,2.75449,5.13813,4.15905,0,0,0
2,21.6453,5.0197,4.95049,4.50275,0,0,0,0,0,2.75451,5.13839,4.15913,8.02e-06,8.02e-06,8.02e-06
3,24.4382,4.94481,5.15443,4.79051,0,0,0,0,0,2.75226,5.13768,4.15909,1.208e-05,1.208e-05,1.208e-05
4,26.8532,5.13039,5.00534,4.76994,0,0,0,0,0,2.75226,5.13768,4.15912,1.218e-05,1.218e-05,1.218e-05
5,28.9778,5.0412,5.15869,4.99738,0,0,0,0,0,2.75212,5.14041,4.15911,8.32e-06,8.32e-06,8.32e-06
