epoch,time,train/box_loss,train/pose_loss,train/kobj_loss,train/cls_loss,train/dfl_loss,metrics/precision(B),metrics/recall(B),metrics/mAP50(B),metrics/mAP75(B),metrics/mAP50-95(B),metrics/precision(P),metrics/recall(P),metrics/mAP50(P),metrics/mAP75(P),metrics/mAP50-95(P),val/box_loss,val/pose_loss,val/kobj_loss,val/cls_loss,val/dfl_loss,lr/pg0,lr/pg1,lr/pg2
1,19.4033,2.85747,10.9392,0.69923,3.3967,4.25264,0.00667,0.57143,0.00988,0.00338,0.00451,0,0,0,0,0,3.36193,11.1158,0.69049,3.8119,4.15902,0,0,0
2,21.5232,3.32115,10.3017,0.70068,3.94224,4.19341,0.00667,0.57143,0.00988,0.00338,0.00451,0,0,0,0,0,3.36191,11.1158,0.69049,3.81186,4.15917,8.02e-06,8.02e-06,8.02e-06
3,23.7036,3.39077,10.6825,0.70101,3.82645,4.16601,0.00667,0.57143,0.00988,0.00338,0.00451,0,0,0,0,0,3.3612,11.1272,0.69023,3.81338,4.15907,1.208e-05,1.208e-05,1.208e-05
4,25.7844,4.04019,11.2754,0.67004,3.9064,4.20306,0.00667,0.57143,0.00988,0.00338,0.00451,0,0,0,0,0,3.36144,11.1271,0.69008,3.81421,4.15903,1.218e-05,1.218e-05,1.218e-05
5,27.7831,3.10488,10.2982,0.76977,3.74971,4.44377,0.00667,0.57143,0.01604,0.00333,0.00496,0,0,0,0,0,3.3704,11.1253,0.69005,3.81155,4.15927,8.32e-06,8.32e-06,8.32e-06
