epoch,time,train/box_loss,train/seg_loss,train/cls_loss,train/dfl_loss,metrics/precision(B),metrics/recall(B),metrics/mAP50(B),metrics/mAP75(B),metrics/mAP50-95(B),metrics/precision(M),metrics/recall(M),metrics/mAP50(M),metrics/mAP75(M),metrics/mAP50-95(M),val/box_loss,val/seg_loss,val/cls_loss,val/dfl_loss,lr/pg0,lr/pg1,lr/pg2
1,19.3549,2.90698,6.29573,5.54888,4.24246,0,0,0,0,0,0,0,0,0,0,3.37862,5.13153,5.31783,4.15915,0,0,0
2,21.5673,3.43524,7.11325,5.39339,4.2398,0,0,0,0,0,0,0,0,0,0,3.37862,5.13215,5.32211,4.1592,8.02e-06,8.02e-06,8.02e-06
3,23.7365,2.99527,7.98975,5.39694,4.24506,0,0,0,0,0,0,0,0,0,0,3.37862,5.12999,5.32211,4.15904,1.208e-05,1.208e-05,1.208e-05
4,25.9382,3.42651,5.79363,5.30612,4.19564,0,0,0,0,0,0,0,0,0,0,3.37862,5.13098,5.32211,4.1589,1.218e-05,1.218e-05,1.218e-05
5,27.9714,3.54538,7.45896,5.2987,4.22769,0,0,0,0,0,0,0,0,0,0,3.378,5.13197,5.32133,4.15916,8.32e-06,8.32e-06,8.32e-06
