epoch,time,train/box_loss,train/seg_loss,train/cls_loss,train/dfl_loss,metrics/precision(B),metrics/recall(B),metrics/mAP50(B),metrics/mAP75(B),metrics/mAP50-95(B),metrics/precision(M),metrics/recall(M),metrics/mAP50(M),metrics/mAP75(M),metrics/mAP50-95(M),val/box_loss,val/seg_loss,val/cls_loss,val/dfl_loss,lr/pg0,lr/pg1,lr/pg2
1,18.3084,2.90445,6.35365,5.54931,4.24198,0,0,0,0,0,0,0,0,0,0,3.37862,5.13153,5.31783,4.15915,0,0,0
2,20.3336,3.43524,7.1131,5.39339,4.2398,0,0,0,0,0,0,0,0,0,0,3.37862,5.13215,5.32211,4.1592,8.02e-06,8.02e-06,8.02e-06
3,22.3815,2.99527,7.99255,5.39694,4.24506,0,0,0,0,0,0,0,0,0,0,3.37862,5.12999,5.32211,4.15904,1.208e-05,1.208e-05,1.208e-05
4,24.4059,3.42651,5.79363,5.30612,4.19564,0,0,0,0,0,0,0,0,0,0,3.37862,5.13098,5.32211,4.1589,1.218e-05,1.218e-05,1.218e-05
5,26.4341,3.54538,7.4588,5.2987,4.22769,0,0,0,0,0,0,0,0,0,0,3.378,5.13197,5.32133,4.15916,8.32e-06,8.32e-06,8.32e-06
