epoch,time,train/box_loss,train/cls_loss,train/dfl_loss,metrics/precision(B),metrics/recall(B),metrics/mAP50(B),metrics/mAP75(B),metrics/mAP50-95(B),val/box_loss,val/cls_loss,val/dfl_loss,lr/pg0,lr/pg1,lr/pg2
1,17.6526,3.04684,5.54236,4.23232,0,0,0,0,0,3.37862,5.31783,4.15915,0,0,0
2,19.5259,3.3465,5.30607,4.25913,0,0,0,0,0,3.37862,5.32211,4.1592,8.02e-06,8.02e-06,8.02e-06
3,21.5125,3.14357,5.38532,4.23998,0,0,0,0,0,3.37862,5.32211,4.15904,1.208e-05,1.208e-05,1.208e-05
4,23.4881,3.4542,5.29942,4.19101,0,0,0,0,0,3.37862,5.32211,4.15883,1.218e-05,1.218e-05,1.218e-05
5,25.4061,3.49683,5.28102,4.23474,0,0,0,0,0,3.37862,5.32211,4.15909,8.32e-06,8.32e-06,8.32e-06
