epoch,time,train/box_loss,train/cls_loss,train/dfl_loss,metrics/precision(B),metrics/recall(B),metrics/mAP50(B),metrics/mAP75(B),metrics/mAP50-95(B),val/box_loss,val/cls_loss,val/dfl_loss,lr/pg0,lr/pg1,lr/pg2
1,19.5576,5.47794,5.00932,4.65901,0,0,0,0,0,2.94514,5.38078,4.15872,0,0,0
2,22.9036,4.80428,4.82823,4.51645,0,0,0,0,0,2.94506,5.38046,4.15897,8.02e-06,8.02e-06,8.02e-06
3,26.6383,5.08149,5.19607,4.92254,0,0,0,0,0,2.94512,5.38235,4.15875,1.208e-05,1.208e-05,1.208e-05
4,30.3507,5.21629,5.01296,4.74814,0,0,0,0,0,2.94285,5.38191,4.15853,1.218e-05,1.218e-05,1.218e-05
5,33.4151,5.11065,5.1891,5.1397,0,0,0,0,0,2.94285,5.38191,4.15853,8.32e-06,8.32e-06,8.32e-06
